Title,Author,Year
Real-World Spanish: The Conversation Learning System,"Camila Vega Rivera; Iris Acevedo A.; Spanishonline, Costarica; Miller, Jackson; Science-Based Language Learning Lab; Science-Based Language Learning Lab; Bennett, Olivia; Ramirez, Andres; World, Spain; Navarijo, Susie G.; Learn Like a Native; Language Equipped Travelers; Michaels, Steven J.; Learn Like a Native; Gardner, James M.; Gardner, James M.; Professor, Baby; Carmen García del Río; Fitzsimons, Ronan; Various Authors; Dictionaries, Collins; Romey, Jared",2025
Real-World Spanish: The Conversation Learning System,"Camila Vega Rivera; Iris Acevedo A.; Spanishonline, Costarica; Miller, Jackson; Science-Based Language Learning Lab; Science-Based Language Learning Lab; Bennett, Olivia; Ramirez, Andres; World, Spain; Navarijo, Susie G.; Learn Like a Native; Language Equipped Travelers; Michaels, Steven J.; Learn Like a Native; Gardner, James M.; Gardner, James M.; Professor, Baby; Carmen García del Río; Fitzsimons, Ronan; Various Authors; Dictionaries, Collins; Romey, Jared",2025
Real-World Spanish: The Conversation Learning System,"Camila Vega Rivera; Iris Acevedo A.; Spanishonline, Costarica; Miller, Jackson; Science-Based Language Learning Lab; Science-Based Language Learning Lab; Bennett, Olivia; Ramirez, Andres; World, Spain; Navarijo, Susie G.; Learn Like a Native; Language Equipped Travelers; Michaels, Steven J.; Learn Like a Native; Gardner, James M.; Gardner, James M.; Professor, Baby; Carmen García del Río; Fitzsimons, Ronan; Various Authors; Dictionaries, Collins; Romey, Jared",2024
Real-World Spanish: The Conversation Learning System,"Camila Vega Rivera; Iris Acevedo A.; Spanishonline, Costarica; Miller, Jackson; Science-Based Language Learning Lab; Science-Based Language Learning Lab; Bennett, Olivia; Ramirez, Andres; World, Spain; Navarijo, Susie G.; Learn Like a Native; Language Equipped Travelers; Michaels, Steven J.; Learn Like a Native; Gardner, James M.; Gardner, James M.; Professor, Baby; Carmen García del Río; Fitzsimons, Ronan; Various Authors; Dictionaries, Collins; Romey, Jared",2024
Real-World Spanish: The Conversation Learning System,"Camila Vega Rivera; Iris Acevedo A.; Spanishonline, Costarica; Miller, Jackson; Science-Based Language Learning Lab; Science-Based Language Learning Lab; Bennett, Olivia; Ramirez, Andres; World, Spain; Navarijo, Susie G.; Learn Like a Native; Language Equipped Travelers; Michaels, Steven J.; Learn Like a Native; Gardner, James M.; Gardner, James M.; Professor, Baby; Carmen García del Río; Fitzsimons, Ronan; Various Authors; Dictionaries, Collins; Romey, Jared",2024
Real-World Spanish: The Conversation Learning System,"Camila Vega Rivera; Iris Acevedo A.; Spanishonline, Costarica; Miller, Jackson; Science-Based Language Learning Lab; Science-Based Language Learning Lab; Bennett, Olivia; Ramirez, Andres; World, Spain; Navarijo, Susie G.; Learn Like a Native; Language Equipped Travelers; Michaels, Steven J.; Learn Like a Native; Gardner, James M.; Gardner, James M.; Professor, Baby; Carmen García del Río; Fitzsimons, Ronan; Various Authors; Dictionaries, Collins; Romey, Jared",2024
Real-World Spanish: The Conversation Learning System,"Camila Vega Rivera; Iris Acevedo A.; Spanishonline, Costarica; Miller, Jackson; Science-Based Language Learning Lab; Science-Based Language Learning Lab; Bennett, Olivia; Ramirez, Andres; World, Spain; Navarijo, Susie G.; Learn Like a Native; Language Equipped Travelers; Michaels, Steven J.; Learn Like a Native; Gardner, James M.; Gardner, James M.; Professor, Baby; Carmen García del Río; Fitzsimons, Ronan; Various Authors; Dictionaries, Collins; Romey, Jared",2024
Real-World Spanish: The Conversation Learning System,"Camila Vega Rivera; Iris Acevedo A.; Spanishonline, Costarica; Miller, Jackson; Science-Based Language Learning Lab; Science-Based Language Learning Lab; Bennett, Olivia; Ramirez, Andres; World, Spain; Navarijo, Susie G.; Learn Like a Native; Language Equipped Travelers; Michaels, Steven J.; Learn Like a Native; Gardner, James M.; Gardner, James M.; Professor, Baby; Carmen García del Río; Fitzsimons, Ronan; Various Authors; Dictionaries, Collins; Romey, Jared",2023
Real-World Spanish: The Conversation Learning System,"Camila Vega Rivera; Iris Acevedo A.; Spanishonline, Costarica; Miller, Jackson; Science-Based Language Learning Lab; Science-Based Language Learning Lab; Bennett, Olivia; Ramirez, Andres; World, Spain; Navarijo, Susie G.; Learn Like a Native; Language Equipped Travelers; Michaels, Steven J.; Learn Like a Native; Gardner, James M.; Gardner, James M.; Professor, Baby; Carmen García del Río; Fitzsimons, Ronan; Various Authors; Dictionaries, Collins; Romey, Jared",2022
Real-World Spanish: The Conversation Learning System,"Camila Vega Rivera; Iris Acevedo A.; Spanishonline, Costarica; Miller, Jackson; Science-Based Language Learning Lab; Science-Based Language Learning Lab; Bennett, Olivia; Ramirez, Andres; World, Spain; Navarijo, Susie G.; Learn Like a Native; Language Equipped Travelers; Michaels, Steven J.; Learn Like a Native; Gardner, James M.; Gardner, James M.; Professor, Baby; Carmen García del Río; Fitzsimons, Ronan; Various Authors; Dictionaries, Collins; Romey, Jared",2021
Real-World Spanish: The Conversation Learning System,"Camila Vega Rivera; Iris Acevedo A.; Spanishonline, Costarica; Miller, Jackson; Science-Based Language Learning Lab; Science-Based Language Learning Lab; Bennett, Olivia; Ramirez, Andres; World, Spain; Navarijo, Susie G.; Learn Like a Native; Language Equipped Travelers; Michaels, Steven J.; Learn Like a Native; Gardner, James M.; Gardner, James M.; Professor, Baby; Carmen García del Río; Fitzsimons, Ronan; Various Authors; Dictionaries, Collins; Romey, Jared",2021
Real-World Spanish: The Conversation Learning System,"Camila Vega Rivera; Iris Acevedo A.; Spanishonline, Costarica; Miller, Jackson; Science-Based Language Learning Lab; Science-Based Language Learning Lab; Bennett, Olivia; Ramirez, Andres; World, Spain; Navarijo, Susie G.; Learn Like a Native; Language Equipped Travelers; Michaels, Steven J.; Learn Like a Native; Gardner, James M.; Gardner, James M.; Professor, Baby; Carmen García del Río; Fitzsimons, Ronan; Various Authors; Dictionaries, Collins; Romey, Jared",2021
Real-World Spanish: The Conversation Learning System,"Camila Vega Rivera; Iris Acevedo A.; Spanishonline, Costarica; Miller, Jackson; Science-Based Language Learning Lab; Science-Based Language Learning Lab; Bennett, Olivia; Ramirez, Andres; World, Spain; Navarijo, Susie G.; Learn Like a Native; Language Equipped Travelers; Michaels, Steven J.; Learn Like a Native; Gardner, James M.; Gardner, James M.; Professor, Baby; Carmen García del Río; Fitzsimons, Ronan; Various Authors; Dictionaries, Collins; Romey, Jared",2021
Real-World Spanish: The Conversation Learning System,"Camila Vega Rivera; Iris Acevedo A.; Spanishonline, Costarica; Miller, Jackson; Science-Based Language Learning Lab; Science-Based Language Learning Lab; Bennett, Olivia; Ramirez, Andres; World, Spain; Navarijo, Susie G.; Learn Like a Native; Language Equipped Travelers; Michaels, Steven J.; Learn Like a Native; Gardner, James M.; Gardner, James M.; Professor, Baby; Carmen García del Río; Fitzsimons, Ronan; Various Authors; Dictionaries, Collins; Romey, Jared",2020
Real-World Spanish: The Conversation Learning System,"Camila Vega Rivera; Iris Acevedo A.; Spanishonline, Costarica; Miller, Jackson; Science-Based Language Learning Lab; Science-Based Language Learning Lab; Bennett, Olivia; Ramirez, Andres; World, Spain; Navarijo, Susie G.; Learn Like a Native; Language Equipped Travelers; Michaels, Steven J.; Learn Like a Native; Gardner, James M.; Gardner, James M.; Professor, Baby; Carmen García del Río; Fitzsimons, Ronan; Various Authors; Dictionaries, Collins; Romey, Jared",2018
Real-World Spanish: The Conversation Learning System,"Camila Vega Rivera; Iris Acevedo A.; Spanishonline, Costarica; Miller, Jackson; Science-Based Language Learning Lab; Science-Based Language Learning Lab; Bennett, Olivia; Ramirez, Andres; World, Spain; Navarijo, Susie G.; Learn Like a Native; Language Equipped Travelers; Michaels, Steven J.; Learn Like a Native; Gardner, James M.; Gardner, James M.; Professor, Baby; Carmen García del Río; Fitzsimons, Ronan; Various Authors; Dictionaries, Collins; Romey, Jared",2017
Real-World Spanish: The Conversation Learning System,"Camila Vega Rivera; Iris Acevedo A.; Spanishonline, Costarica; Miller, Jackson; Science-Based Language Learning Lab; Science-Based Language Learning Lab; Bennett, Olivia; Ramirez, Andres; World, Spain; Navarijo, Susie G.; Learn Like a Native; Language Equipped Travelers; Michaels, Steven J.; Learn Like a Native; Gardner, James M.; Gardner, James M.; Professor, Baby; Carmen García del Río; Fitzsimons, Ronan; Various Authors; Dictionaries, Collins; Romey, Jared",2016
Real-World Spanish: The Conversation Learning System,"Camila Vega Rivera; Iris Acevedo A.; Spanishonline, Costarica; Miller, Jackson; Science-Based Language Learning Lab; Science-Based Language Learning Lab; Bennett, Olivia; Ramirez, Andres; World, Spain; Navarijo, Susie G.; Learn Like a Native; Language Equipped Travelers; Michaels, Steven J.; Learn Like a Native; Gardner, James M.; Gardner, James M.; Professor, Baby; Carmen García del Río; Fitzsimons, Ronan; Various Authors; Dictionaries, Collins; Romey, Jared",2016
Real-World Spanish: The Conversation Learning System,"Camila Vega Rivera; Iris Acevedo A.; Spanishonline, Costarica; Miller, Jackson; Science-Based Language Learning Lab; Science-Based Language Learning Lab; Bennett, Olivia; Ramirez, Andres; World, Spain; Navarijo, Susie G.; Learn Like a Native; Language Equipped Travelers; Michaels, Steven J.; Learn Like a Native; Gardner, James M.; Gardner, James M.; Professor, Baby; Carmen García del Río; Fitzsimons, Ronan; Various Authors; Dictionaries, Collins; Romey, Jared",2016
Real-World Spanish: The Conversation Learning System,"Camila Vega Rivera; Iris Acevedo A.; Spanishonline, Costarica; Miller, Jackson; Science-Based Language Learning Lab; Science-Based Language Learning Lab; Bennett, Olivia; Ramirez, Andres; World, Spain; Navarijo, Susie G.; Learn Like a Native; Language Equipped Travelers; Michaels, Steven J.; Learn Like a Native; Gardner, James M.; Gardner, James M.; Professor, Baby; Carmen García del Río; Fitzsimons, Ronan; Various Authors; Dictionaries, Collins; Romey, Jared",2013
